{"options":{"check_for_updates":false,"comment":null,"compatopts_for_requires":true,"compat_wrappedjsobject":false,"compat_metadata":false,"compat_foreach":false,"compat_prototypes":false,"compat_powerful_this":null,"noframes":null,"unwrap":null,"run_at":null,"tab_types":null,"override":{"merge_connects":true,"merge_excludes":true,"merge_includes":true,"merge_matches":true,"orig_connects":[],"orig_excludes":["https://brs1.tribalwars.com.br/game.php*"],"orig_includes":[],"orig_matches":["https://br112.tribalwars.com.br/game.php*","https://www.tribalwars.com.br/"],"orig_noframes":null,"orig_run_at":"document-idle","use_blockers":[],"use_connects":[],"use_excludes":[],"use_includes":[],"use_matches":[]}},"settings":{"enabled":true,"position":2},"meta":{"name":"##########TwProjectBot##############","uuid":"25f91dfa-a0fc-4477-83bb-2f0d41cb7c7f","modified":1654238820883}}